-22.36595244,-48.80595826
-0.416470771,-42.48193962
17.89027389,-47.69027699
4.131889219,-48.04526526
-28.80264712,-44.44170422
1.402109466,-43.93499188
-15.77117099,-48.05896648
-24.6876587,-45.90417925
10.86429713,-48.32391301
3.27679224,-41.8119427
12.54021241,-49.96829045
-3.514140469,-48.30521663
12.40572021,-48.28701158
13.90246663,-45.39153287
9.333670446,-42.75570987
11.02946717,-40.2746042
4.630397183,-44.66016782
-23.03504769,-42.95231141
23.34025986,-47.46912411
12.48626013,-47.79486697
18.27637245,-49.53515125
-0.514634312,-45.9158022
-25.68834451,-49.73549949
22.54603143,-48.44713697
11.47350707,-42.83886615
-28.76281841,-40.69938526
-10.98493736,-48.9981692
5.893569745,-48.75936829
10.67839091,-46.76419517
-27.29735794,-43.7312761
-0.044128583,-48.91981893
2.394737998,-47.04473132
22.32030753,-44.49171089
-28.24034845,-42.96836068
-25.31875119,-46.16229837
1.234664661,-45.7201597
-2.429738172,-46.65900099
-29.14802863,-43.37481335
0.70489164,-49.66988788
-24.14295525,-43.19688047
-12.26810093,-44.23578526
16.17729571,-40.60552211
12.22855919,-42.46237021
9.33731216,-45.23009794
26.14542335,-40.07980632
-28.39225938,-44.34576152
-17.51738671,-49.18768054
13.27492676,-43.034119
0.394354505,-48.04104107
2.184879255,-44.78967986
29.82735149,-48.27396742
-25.36407063,-46.92545045
-18.26786158,-44.07364336
-1.766573392,-40.1718219
-24.84098657,-40.64292503
6.738898594,-43.55038031
-16.44221576,-46.35267919
-10.11955568,-40.77156951
-9.696209272,-43.99535489
5.503052909,-48.81757853
23.71242251,-44.47662681
16.04441257,-49.13998554
-8.581530842,-40.44846104
-16.80357151,-46.21727582
6.771067305,-46.82388577
-20.6432346,-46.84147699
-0.204206505,-44.23414601
10.9913657,-48.77071607
-0.050640903,-45.3783336
14.63472895,-48.88826344
-13.00764787,-43.2719594
-6.539601049,-49.99950442
-7.217736522,-46.18166292
-9.632353363,-41.56688526
14.99347242,-42.0159427
-8.508504712,-40.93891935
6.250700679,-45.81827492
7.549498313,-45.55214795
-5.688217057,-40.08735956
27.02882814,-47.59618256
-7.638288679,-49.07715308
-7.801998732,-42.31627865
16.78568445,-47.03537324
-21.09807534,-43.50622328
10.89255918,-47.91587654
-4.578776143,-41.23770128
21.39314169,-45.19456108
20.10217666,-47.77597018
-20.32015979,-42.32642682
12.37782326,-40.24859222
6.941587151,-46.23370999
7.702872668,-41.85554608
27.56519006,-47.50161975
12.70043737,-49.21575949
27.04562561,-47.61595777
13.06392062,-44.92108059
0.701170271,-44.96469595
14.30870806,-48.09078823
-11.82975768,-43.77365485
-16.78271094,-49.16758284
-15.99190221,-43.09916895
-20.29387076,-44.58521139
-7.516880053,-45.18038284
-27.02665781,-48.76365547
4.988173803,-45.9657801
-12.99272789,-43.62160935
-12.90198063,-40.24660309
7.481317482,-40.03933812
-2.165791147,-44.44478704
18.53713802,-44.70076618
5.087323168,-49.30058639
11.9170347,-45.5686157
-0.559179853,-40.84204877
-8.127377954,-46.46978044
14.52392547,-43.55884899
25.17393661,-44.61303844
2.824149995,-43.76944661
14.50034891,-40.74389986
-17.10838917,-49.1309765
-3.616396447,-45.22541882
-17.98306066,-44.11960496
-0.282730772,-44.52661563
27.29698126,-49.20107054
-16.62450291,-44.63653519
22.73050683,-42.5758772
13.62106175,-42.52683924
18.82093286,-43.09635231
-0.092820232,-48.36473064
29.48795163,-42.81369609
-26.95208849,-45.41076457
-22.95491907,-43.03466253
-7.105858315,-40.60978871
-0.968617215,-42.5524162
-24.55380611,-43.38088349
-15.97996746,-43.00921389
16.87236042,-46.22998869
-23.05232579,-46.68505818
-10.22153642,-40.03250784
4.479212404,-48.48721192
-0.708675455,-45.8921261
11.5722103,-41.7180278
-1.549189459,-40.00346856
25.0258443,-48.27750466
13.50083648,-41.43295602
-22.52385945,-44.21854454
26.04864919,-45.0377021
-27.83377049,-40.19196817
-8.397593833,-44.96251425
-17.61177146,-44.43733309
-26.19107656,-47.89808692
29.34738284,-44.38986699
-11.83924371,-48.2023683
27.67237639,-46.49983435
7.891290336,-45.17811968
-8.356577437,-44.9829622
5.332403758,-41.59812947
-16.17350111,-43.59988865
15.96320226,-47.10779205
-16.65878573,-46.18084116
-28.68457655,-46.88393155
-28.81533371,-47.65934499
2.238558499,-43.44478337
15.89606746,-47.15023783
-9.546161666,-48.65008613
28.28724475,-41.74107516
17.41672441,-49.81613151
-24.73219497,-47.22002566
-4.700139423,-48.68143129
1.531076921,-47.05582994
-27.69318773,-44.3291916
2.443681719,-47.57174091
-0.241158712,-43.77101438
29.35632898,-49.06042899
-14.05271149,-46.0390731
-17.11501127,-49.29180692
-13.11629974,-41.75445408
2.060578033,-42.48124788
-18.5731878,-42.44942453
-28.57776046,-43.52842392
-5.110277289,-43.23769944
-29.45284442,-45.03469881
0.644037179,-44.65168775
12.68550241,-44.29513453
15.14341813,-40.47555786
-16.89919249,-43.658035
15.82217079,-40.72063435
-9.391859239,-45.45157116
16.25272901,-42.23081471
14.28508875,-40.85589254
9.974970808,-43.29022643
-28.84871548,-40.55195385
25.21449448,-40.99365228
2.669848796,-40.34275852
-0.957367109,-46.64078461
-24.74696615,-43.33393204
-23.51082729,-41.2163966
22.77529766,-46.37783185
3.477694808,-49.5580209
13.92551737,-40.38850537
24.68841132,-45.81214397
-9.505992094,-46.86656072
-19.3352461,-44.19446688
-11.57301233,-46.46541561
-1.134865252,-49.20499917
28.8597837,-45.86471659
-28.98163595,-48.90706754
28.85448569,-42.56148645
9.422518844,-49.35685356
4.577312635,-43.89900819
29.42002472,-42.54299108
-24.81344006,-45.83531237
21.89361898,-44.48260004
1.562617296,-41.14657494
-27.09910375,-40.18747802
23.81287825,-42.73319093
-27.31040563,-42.2306465
-29.82376655,-47.52536089
-10.23536648,-42.94155853
16.02352302,-46.60311737
5.61109863,-48.08960959
-0.92168585,-45.95456201
-8.704491378,-43.25977777
8.978043729,-40.01140368
23.84713473,-48.6426306
12.31049006,-45.06353064
-1.925438033,-48.78007225
28.24894306,-48.3422737
-10.05942379,-40.74901965
-3.092983306,-43.73994097
-26.72941857,-45.78226045
-11.6933899,-45.00166618
-19.04287328,-47.45684512
-7.877893903,-47.59962615
-23.61863868,-42.66555816
-5.133552242,-40.48802167
-12.16464436,-47.63399719
-29.00514775,-42.00705296
-14.33626063,-43.18101133
-26.30738281,-48.09128574
24.12635601,-44.72816011
29.27341565,-40.87388669
-13.4353582,-45.96765632
-14.47370756,-40.77166202
18.36717791,-41.62835406
24.90725845,-45.95687476
-14.55636785,-48.58947186
-12.88928568,-48.28255644
23.15573235,-40.15194812
-16.68449881,-48.99390344
-11.68077271,-45.90403322
23.55021662,-48.35991939
13.27776862,-42.46022999
-18.21653949,-47.68690915
-23.67528576,-48.28478987
24.28261843,-43.4955593
21.81326491,-47.42421148
13.43399815,-44.72674299
-3.966978348,-46.07501163
-16.57463891,-42.2061559
29.73263685,-45.5413203
-3.96493484,-47.30808572
19.09939259,-49.89871728
11.62823784,-48.43796887
27.08530255,-41.55163485
24.80194992,-47.23742865
-2.401569165,-40.39066036
23.13305829,-45.07490744
8.080822741,-41.76117801
-18.52108874,-44.77899638
-17.5893984,-49.72537544
19.04531364,-43.65401381
25.94725722,-47.35323096
2.44548651,-40.00184983
-4.970829298,-42.42147129
14.27163968,-45.06569965
15.66295017,-45.57459391
-23.69605751,-41.40547515
28.5407355,-43.76687817
-9.258908899,-42.88832129
-26.38961778,-49.59812105
-13.20675747,-47.39424611
-14.51068913,-43.71546828
-18.57178665,-40.97379549
-7.678327187,-47.68609287
23.55871933,-43.89998505
-17.92898104,-42.98344344
4.352463025,-40.31918508
7.706764581,-42.00680866
-9.795771558,-44.46353695
-1.837790176,-43.06011053
14.34301608,-48.06431162
-23.58144876,-45.80064203
0.912477938,-49.82566762
21.35209537,-49.73901513
1.009819857,-49.88631804
-1.308159144,-45.19852684
-2.284360487,-48.33344535
14.85450482,-44.43153495
-7.413393751,-46.95998885
-25.54759908,-43.61862343
7.667228234,-48.14237868
21.91245292,-48.72140834
-12.46521684,-49.40606486
22.19997354,-48.63015783
-16.13961551,-48.23640209
-12.80549749,-42.07961454
-15.49213754,-46.3381591
-11.93174237,-49.13681463
-20.78402792,-41.61780615
-23.20528761,-48.26963015
-27.19486831,-46.54070607
12.87362294,-41.18722874
-22.09175116,-42.78963667
-15.61630016,-45.94114414
-16.76961533,-49.28400429
-4.627458209,-49.67263974
-1.233622595,-41.68767494
-26.02789144,-44.46711864
-10.29832262,-40.20883312
-22.33863537,-45.44185548
-21.15397928,-42.8111596
17.70552473,-46.5952946
13.48758928,-43.13841199
-15.69902348,-49.04256765
21.93107024,-43.38743457
-5.805181766,-44.61775947
-18.55464549,-40.98830303
5.483127756,-47.18142256
-1.727895044,-40.16069577
29.76330115,-44.28789947
19.17991097,-45.35886027
24.98866833,-48.40593163
15.20904566,-47.46160984
-11.24406463,-45.89434799
-12.00106314,-42.52150509
15.47743485,-48.25517153
12.63179844,-43.42569246
-28.46380164,-46.72131845
3.050238869,-46.25910158
-20.61096173,-45.54354654
-1.038796544,-48.56014904
2.422064902,-44.40750132
10.10115603,-41.15348356
20.51880704,-44.21730074
-15.60917738,-42.15655935
-25.07481677,-46.55569133
28.98370011,-44.43520643
8.168956162,-43.16680295
18.14437405,-43.64314758
5.219186738,-45.29045861
-7.586407297,-41.72215593
17.74565722,-48.82331653
24.19795775,-47.71235877
19.66164473,-44.66674846
22.53398347,-47.36482693
13.86122577,-49.02888093
19.64678711,-44.49590327
-24.68860027,-43.24319913
25.4247735,-46.42772063
-0.536745801,-41.31167549
-5.288466073,-42.65671003
-19.75691054,-44.84361784
9.945786223,-45.86473619
-18.51472928,-48.45949383
-28.7231109,-46.57716399
1.527715275,-40.84847927
17.2262038,-43.14470167
-25.67487194,-43.45097683
-9.106551464,-45.77300598
9.357034331,-45.60411523
-26.58254611,-46.91345037
12.1622121,-40.23670264
-26.80058185,-40.1502552
1.019064901,-45.67348005
-1.922638282,-40.39530817
15.57440883,-45.54821703
-21.3221397,-42.81846005
-26.45428561,-43.60769118
9.423974976,-47.19877262
-2.885685429,-45.10227085
-27.75942332,-43.26356538
0.722620148,-44.66717209
14.28332316,-41.84131643
-11.39948939,-48.58083381
-1.300547678,-45.66378988
-10.35264333,-44.98953177
12.07664192,-49.4853424
18.71249316,-48.96796064
-28.10247229,-48.05611579
-2.261125209,-43.19211377
23.79251794,-42.41230817
11.16567528,-49.39187698
4.96260721,-49.19716375
16.23126407,-49.31050598
7.586075569,-45.67145414
29.87016404,-49.31898596
28.24764954,-48.33822343
-5.865268053,-46.16685897
17.79667764,-48.30579256
-15.70353898,-47.62544721
10.4979582,-46.24932204
27.2596674,-49.65664983
7.980794282,-47.41473343
14.63405588,-49.06834755
24.37674653,-40.44108696
6.456325192,-45.37322172
19.06848949,-42.28883381
5.593856972,-47.21426239
29.25293245,-45.48768633
27.03436022,-43.42228239
-27.27916268,-47.58940892
0.928921584,-49.54530381
-3.852903328,-47.4064546
1.815159848,-44.64900292
8.953213626,-45.71439217
-11.60444151,-41.37795283
27.36684426,-47.75140699
-29.65064079,-44.7852583
18.2664836,-43.48240429
-4.332056136,-46.75816537
-9.817038402,-43.22644178
-20.23978242,-43.29456711
19.51494997,-44.64841761
-14.98240523,-48.0032246
4.376802451,-48.76328229
-6.254086297,-46.54620073
-16.86911556,-44.19497411
-18.47352057,-45.66093138
21.57514616,-40.91141829
5.913004333,-46.26341302
13.69643959,-47.91198777
-3.363298901,-45.22281674
8.957919757,-42.54599298
0.393825439,-44.07051142
15.91763796,-49.2824322
-1.552057914,-46.64210697
-28.59406186,-43.73610792
-10.71665592,-46.32008534
-25.29667108,-41.55061262
-16.78677281,-40.99373295
-29.45632235,-46.69424875
27.72918004,-44.74451544
-28.0322667,-40.38787286
8.601398607,-46.24388518
-28.03492139,-44.28084208
9.713304024,-41.04416777
-26.80743006,-49.45859633
5.754568174,-48.7241853
-15.99535175,-43.15048033
-28.72532244,-49.20151536
-28.28433109,-43.42655611
-3.936985579,-44.98810072
8.972364179,-49.40024075
-10.6831425,-44.07541134
-14.45318874,-41.75883476
-8.668917212,-49.85352968
11.31826305,-43.02076633
-8.124155783,-46.02301131
-15.20110666,-40.81603438
-3.304633765,-43.11914052
-23.87735646,-48.69047725
3.61185284,-48.06621826
-5.407897241,-44.21450854
-13.04521176,-40.30708064
-28.17121572,-48.06192402
-21.92516028,-46.06563152
19.4216467,-48.5962801
22.32193342,-46.48283094
23.77149305,-45.39036927
22.56054318,-40.2718037
8.355905348,-49.49102223
-23.01012234,-47.91365214
-17.01613529,-43.52758631
-17.58326969,-46.44713868
11.37257778,-48.01789399
22.85599488,-46.84985758
-15.59824819,-46.66841322
28.66826428,-41.02357794
-24.17118952,-47.58994601
-24.52070709,-49.29009743
16.64376729,-46.47344311
3.718747699,-49.34694077
11.37215173,-40.37918801
-18.5428248,-44.51734272
19.55346859,-49.87119502
0.090439073,-42.14314851
-27.45674944,-45.27896859
-27.07074844,-49.48853718
-29.13274113,-46.48437239
28.61882575,-42.37372989
-7.703781574,-40.72706328
-13.21506164,-41.67730863
-11.22753901,-41.8043358
-20.79554094,-45.09464566
-20.24594491,-40.25609983
-14.72579614,-43.44813849
-7.821508533,-41.94981204
-18.27458951,-47.133906
-0.664881072,-49.48807962
1.145935427,-47.45683453
-22.36595244,41.19404174
-0.416470771,47.51806038
17.89027389,42.30972301
4.131889219,41.95473474
-28.80264712,45.55829578
1.402109466,46.06500812
-15.77117099,41.94103352
-24.6876587,44.09582075
10.86429713,41.67608699
3.27679224,48.1880573
12.54021241,40.03170955
-3.514140469,41.69478337
12.40572021,41.71298842
13.90246663,44.60846713
9.333670446,47.24429013
11.02946717,49.7253958
4.630397183,45.33983218
-23.03504769,47.04768859
23.34025986,42.53087589
12.48626013,42.20513303
18.27637245,40.46484875
-0.514634312,44.0841978
-25.68834451,40.26450051
22.54603143,41.55286303
11.47350707,47.16113385
-28.76281841,49.30061474
-10.98493736,41.0018308
5.893569745,41.24063171
10.67839091,43.23580483
-27.29735794,46.2687239
-0.044128583,41.08018107
2.394737998,42.95526868
22.32030753,45.50828911
-28.24034845,47.03163932
-25.31875119,43.83770163
1.234664661,44.2798403
-2.429738172,43.34099901
-29.14802863,46.62518665
0.70489164,40.33011212
-24.14295525,46.80311953
-12.26810093,45.76421474
16.17729571,49.39447789
12.22855919,47.53762979
9.33731216,44.76990206
26.14542335,49.92019368
-28.39225938,45.65423848
-17.51738671,40.81231946
13.27492676,46.965881
0.394354505,41.95895893
2.184879255,45.21032014
29.82735149,41.72603258
-25.36407063,43.07454955
-18.26786158,45.92635664
-1.766573392,49.8281781
-24.84098657,49.35707497
6.738898594,46.44961969
-16.44221576,43.64732081
-10.11955568,49.22843049
-9.696209272,46.00464511
5.503052909,41.18242147
23.71242251,45.52337319
16.04441257,40.86001446
-8.581530842,49.55153896
-16.80357151,43.78272418
6.771067305,43.17611423
-20.6432346,43.15852301
-0.204206505,45.76585399
10.9913657,41.22928393
-0.050640903,44.6216664
14.63472895,41.11173656
-13.00764787,46.7280406
-6.539601049,40.00049558
-7.217736522,43.81833708
-9.632353363,48.43311474
14.99347242,47.9840573
-8.508504712,49.06108065
6.250700679,44.18172508
7.549498313,44.44785205
-5.688217057,49.91264044
27.02882814,42.40381744
-7.638288679,40.92284692
-7.801998732,47.68372135
16.78568445,42.96462676
-21.09807534,46.49377672
10.89255918,42.08412346
-4.578776143,48.76229872
21.39314169,44.80543892
20.10217666,42.22402982
-20.32015979,47.67357318
12.37782326,49.75140778
6.941587151,43.76629001
7.702872668,48.14445392
27.56519006,42.49838025
12.70043737,40.78424051
27.04562561,42.38404223
13.06392062,45.07891941
0.701170271,45.03530405
14.30870806,41.90921177
-11.82975768,46.22634515
-16.78271094,40.83241716
-15.99190221,46.90083105
-20.29387076,45.41478861
-7.516880053,44.81961716
-27.02665781,41.23634453
4.988173803,44.0342199
-12.99272789,46.37839065
-12.90198063,49.75339691
7.481317482,49.96066188
-2.165791147,45.55521296
18.53713802,45.29923382
5.087323168,40.69941361
11.9170347,44.4313843
-0.559179853,49.15795123
-8.127377954,43.53021956
14.52392547,46.44115101
25.17393661,45.38696156
2.824149995,46.23055339
14.50034891,49.25610014
-17.10838917,40.8690235
-3.616396447,44.77458118
-17.98306066,45.88039504
-0.282730772,45.47338437
27.29698126,40.79892946
-16.62450291,45.36346481
22.73050683,47.4241228
13.62106175,47.47316076
18.82093286,46.90364769
-0.092820232,41.63526936
29.48795163,47.18630391
-26.95208849,44.58923543
-22.95491907,46.96533747
-7.105858315,49.39021129
-0.968617215,47.4475838
-24.55380611,46.61911651
-15.97996746,46.99078611
16.87236042,43.77001131
-23.05232579,43.31494182
-10.22153642,49.96749216
4.479212404,41.51278808
-0.708675455,44.1078739
11.5722103,48.2819722
-1.549189459,49.99653144
25.0258443,41.72249534
13.50083648,48.56704398
-22.52385945,45.78145546
26.04864919,44.9622979
-27.83377049,49.80803183
-8.397593833,45.03748575
-17.61177146,45.56266691
-26.19107656,42.10191308
29.34738284,45.61013301
-11.83924371,41.7976317
27.67237639,43.50016565
7.891290336,44.82188032
-8.356577437,45.0170378
5.332403758,48.40187053
-16.17350111,46.40011135
15.96320226,42.89220795
-16.65878573,43.81915884
-28.68457655,43.11606845
-28.81533371,42.34065501
2.238558499,46.55521663
15.89606746,42.84976217
-9.546161666,41.34991387
28.28724475,48.25892484
17.41672441,40.18386849
-24.73219497,42.77997434
-4.700139423,41.31856871
1.531076921,42.94417006
-27.69318773,45.6708084
2.443681719,42.42825909
-0.241158712,46.22898562
29.35632898,40.93957101
-14.05271149,43.9609269
-17.11501127,40.70819308
-13.11629974,48.24554592
2.060578033,47.51875212
-18.5731878,47.55057547
-28.57776046,46.47157608
-5.110277289,46.76230056
-29.45284442,44.96530119
0.644037179,45.34831225
12.68550241,45.70486547
15.14341813,49.52444214
-16.89919249,46.341965
15.82217079,49.27936565
-9.391859239,44.54842884
16.25272901,47.76918529
14.28508875,49.14410746
9.974970808,46.70977357
-28.84871548,49.44804615
25.21449448,49.00634772
2.669848796,49.65724148
-0.957367109,43.35921539
-24.74696615,46.66606796
-23.51082729,48.7836034
22.77529766,43.62216815
3.477694808,40.4419791
13.92551737,49.61149463
24.68841132,44.18785603
-9.505992094,43.13343928
-19.3352461,45.80553312
-11.57301233,43.53458439
-1.134865252,40.79500083
28.8597837,44.13528341
-28.98163595,41.09293246
28.85448569,47.43851355
9.422518844,40.64314644
4.577312635,46.10099181
29.42002472,47.45700892
-24.81344006,44.16468763
21.89361898,45.51739996
1.562617296,48.85342506
-27.09910375,49.81252198
23.81287825,47.26680907
-27.31040563,47.7693535
-29.82376655,42.47463911
-10.23536648,47.05844147
16.02352302,43.39688263
5.61109863,41.91039041
-0.92168585,44.04543799
-8.704491378,46.74022223
8.978043729,49.98859632
23.84713473,41.3573694
12.31049006,44.93646936
-1.925438033,41.21992775
28.24894306,41.6577263
-10.05942379,49.25098035
-3.092983306,46.26005903
-26.72941857,44.21773955
-11.6933899,44.99833382
-19.04287328,42.54315488
-7.877893903,42.40037385
-23.61863868,47.33444184
-5.133552242,49.51197833
-12.16464436,42.36600281
-29.00514775,47.99294704
-14.33626063,46.81898867
-26.30738281,41.90871426
24.12635601,45.27183989
29.27341565,49.12611331
-13.4353582,44.03234368
-14.47370756,49.22833798
18.36717791,48.37164594
24.90725845,44.04312524
-14.55636785,41.41052814
-12.88928568,41.71744356
23.15573235,49.84805188
-16.68449881,41.00609656
-11.68077271,44.09596678
23.55021662,41.64008061
13.27776862,47.53977001
-18.21653949,42.31309085
-23.67528576,41.71521013
24.28261843,46.5044407
21.81326491,42.57578852
13.43399815,45.27325701
-3.966978348,43.92498837
-16.57463891,47.7938441
29.73263685,44.4586797
-3.96493484,42.69191428
19.09939259,40.10128272
11.62823784,41.56203113
27.08530255,48.44836515
24.80194992,42.76257135
-2.401569165,49.60933964
23.13305829,44.92509256
8.080822741,48.23882199
-18.52108874,45.22100362
-17.5893984,40.27462456
19.04531364,46.34598619
25.94725722,42.64676904
2.44548651,49.99815017
-4.970829298,47.57852871
14.27163968,44.93430035
15.66295017,44.42540609
-23.69605751,48.59452485
28.5407355,46.23312183
-9.258908899,47.11167871
-26.38961778,40.40187895
-13.20675747,42.60575389
-14.51068913,46.28453172
-18.57178665,49.02620451
-7.678327187,42.31390713
23.55871933,46.10001495
-17.92898104,47.01655656
4.352463025,49.68081492
7.706764581,47.99319134
-9.795771558,45.53646305
-1.837790176,46.93988947
14.34301608,41.93568838
-23.58144876,44.19935797
0.912477938,40.17433238
21.35209537,40.26098487
1.009819857,40.11368196
-1.308159144,44.80147316
-2.284360487,41.66655465
14.85450482,45.56846505
-7.413393751,43.04001115
-25.54759908,46.38137657
7.667228234,41.85762132
21.91245292,41.27859166
-12.46521684,40.59393514
22.19997354,41.36984217
-16.13961551,41.76359791
-12.80549749,47.92038546
-15.49213754,43.6618409
-11.93174237,40.86318537
-20.78402792,48.38219385
-23.20528761,41.73036985
-27.19486831,43.45929393
12.87362294,48.81277126
-22.09175116,47.21036333
-15.61630016,44.05885586
-16.76961533,40.71599571
-4.627458209,40.32736026
-1.233622595,48.31232506
-26.02789144,45.53288136
-10.29832262,49.79116688
-22.33863537,44.55814452
-21.15397928,47.1888404
17.70552473,43.4047054
13.48758928,46.86158801
-15.69902348,40.95743235
21.93107024,46.61256543
-5.805181766,45.38224053
-18.55464549,49.01169697
5.483127756,42.81857744
-1.727895044,49.83930423
29.76330115,45.71210053
19.17991097,44.64113973
24.98866833,41.59406837
15.20904566,42.53839016
-11.24406463,44.10565201
-12.00106314,47.47849491
15.47743485,41.74482847
12.63179844,46.57430754
-28.46380164,43.27868155
3.050238869,43.74089842
-20.61096173,44.45645346
-1.038796544,41.43985096
2.422064902,45.59249868
10.10115603,48.84651644
20.51880704,45.78269926
-15.60917738,47.84344065
-25.07481677,43.44430867
28.98370011,45.56479357
8.168956162,46.83319705
18.14437405,46.35685242
5.219186738,44.70954139
-7.586407297,48.27784407
17.74565722,41.17668347
24.19795775,42.28764123
19.66164473,45.33325154
22.53398347,42.63517307
13.86122577,40.97111907
19.64678711,45.50409673
-24.68860027,46.75680087
25.4247735,43.57227937
-0.536745801,48.68832451
-5.288466073,47.34328997
-19.75691054,45.15638216
9.945786223,44.13526381
-18.51472928,41.54050617
-28.7231109,43.42283601
1.527715275,49.15152073
17.2262038,46.85529833
-25.67487194,46.54902317
-9.106551464,44.22699402
9.357034331,44.39588477
-26.58254611,43.08654963
12.1622121,49.76329736
-26.80058185,49.8497448
1.019064901,44.32651995
-1.922638282,49.60469183
15.57440883,44.45178297
-21.3221397,47.18153995
-26.45428561,46.39230882
9.423974976,42.80122738
-2.885685429,44.89772915
-27.75942332,46.73643462
0.722620148,45.33282791
14.28332316,48.15868357
-11.39948939,41.41916619
-1.300547678,44.33621012
-10.35264333,45.01046823
12.07664192,40.5146576
18.71249316,41.03203936
-28.10247229,41.94388421
-2.261125209,46.80788623
23.79251794,47.58769183
11.16567528,40.60812302
4.96260721,40.80283625
16.23126407,40.68949402
7.586075569,44.32854586
29.87016404,40.68101404
28.24764954,41.66177657
-5.865268053,43.83314103
17.79667764,41.69420744
-15.70353898,42.37455279
10.4979582,43.75067796
27.2596674,40.34335017
7.980794282,42.58526657
14.63405588,40.93165245
24.37674653,49.55891304
6.456325192,44.62677828
19.06848949,47.71116619
5.593856972,42.78573761
29.25293245,44.51231367
27.03436022,46.57771761
-27.27916268,42.41059108
0.928921584,40.45469619
-3.852903328,42.5935454
1.815159848,45.35099708
8.953213626,44.28560783
-11.60444151,48.62204717
27.36684426,42.24859301
-29.65064079,45.2147417
18.2664836,46.51759571
-4.332056136,43.24183463
-9.817038402,46.77355822
-20.23978242,46.70543289
19.51494997,45.35158239
-14.98240523,41.9967754
4.376802451,41.23671771
-6.254086297,43.45379927
-16.86911556,45.80502589
-18.47352057,44.33906862
21.57514616,49.08858171
5.913004333,43.73658698
13.69643959,42.08801223
-3.363298901,44.77718326
8.957919757,47.45400702
0.393825439,45.92948858
15.91763796,40.7175678
-1.552057914,43.35789303
-28.59406186,46.26389208
-10.71665592,43.67991466
-25.29667108,48.44938738
-16.78677281,49.00626705
-29.45632235,43.30575125
27.72918004,45.25548456
-28.0322667,49.61212714
8.601398607,43.75611482
-28.03492139,45.71915792
9.713304024,48.95583223
-26.80743006,40.54140367
5.754568174,41.2758147
-15.99535175,46.84951967
-28.72532244,40.79848464
-28.28433109,46.57344389
-3.936985579,45.01189928
8.972364179,40.59975925
-10.6831425,45.92458866
-14.45318874,48.24116524
-8.668917212,40.14647032
11.31826305,46.97923367
-8.124155783,43.97698869
-15.20110666,49.18396562
-3.304633765,46.88085948
-23.87735646,41.30952275
3.61185284,41.93378174
-5.407897241,45.78549146
-13.04521176,49.69291936
-28.17121572,41.93807598
-21.92516028,43.93436848
19.4216467,41.4037199
22.32193342,43.51716906
23.77149305,44.60963073
22.56054318,49.7281963
8.355905348,40.50897777
-23.01012234,42.08634786
-17.01613529,46.47241369
-17.58326969,43.55286132
11.37257778,41.98210601
22.85599488,43.15014242
-15.59824819,43.33158678
28.66826428,48.97642206
-24.17118952,42.41005399
-24.52070709,40.70990257
16.64376729,43.52655689
3.718747699,40.65305923
11.37215173,49.62081199
-18.5428248,45.48265728
19.55346859,40.12880498
0.090439073,47.85685149
-27.45674944,44.72103141
-27.07074844,40.51146282
-29.13274113,43.51562761
28.61882575,47.62627011
-7.703781574,49.27293672
-13.21506164,48.32269137
-11.22753901,48.1956642
-20.79554094,44.90535434
-20.24594491,49.74390017
-14.72579614,46.55186151
-7.821508533,48.05018796
-18.27458951,42.866094
-0.664881072,40.51192038
1.145935427,42.54316547
-48.72765874,-22.83574956
-45.0694118,15.10836227
-42.01828769,-16.14166195
-44.3113518,-18.27159156
-49.80044119,3.3497747
-44.76631509,6.390048729
-47.6285285,-18.35379889
-49.11460978,-5.425075477
-43.18928381,-19.94347804
-44.45386796,19.12834382
-42.9099646,-29.80974267
-45.58569008,-19.83129976
-42.93237996,-19.72206951
-42.68292223,-2.349197218
-43.44438826,13.46574078
-43.16175547,28.3523748
-44.22826714,2.038993096
-48.83917462,12.28613152
-41.10995669,-14.81474465
-42.91895664,-16.76920182
-41.95393792,-27.2109075
-45.08577239,-5.494813218
-49.28139075,-28.41299697
-41.2423281,-20.68282183
-43.08774882,12.96680308
-49.79380307,25.80368844
-46.83082289,-23.9890152
-44.01773838,-22.55620977
-43.22026818,-10.58517101
-49.54955966,7.612343392
-45.00735476,-23.51891356
-44.600877,-12.2683879
-41.27994875,3.049734669
-49.70672474,12.18983592
-49.21979187,-6.973790227
-44.79422256,-4.320958217
-45.40495636,-9.954005936
-49.85800477,9.751119902
-44.88251806,-28.01932725
-49.02382588,10.81871718
-47.04468349,4.585288463
-42.30378405,26.36686737
-42.9619068,15.22577874
-43.44378131,-1.380587617
-40.64242944,29.52116207
-49.73204323,3.925430874
-47.91956445,-25.12608326
-42.78751221,11.79528602
-44.93427425,-18.24624641
-44.63585346,1.261920822
-40.02877475,-19.64380449
-49.22734511,-11.5527027
-48.0446436,5.55813981
-45.2944289,28.96906857
-49.14016443,26.14244984
-43.87685023,8.697718158
-47.74036929,-8.116075126
-46.68659261,25.37058295
-46.61603488,6.027870633
-44.08282452,-22.90547121
-41.04792958,3.140239163
-42.32593124,-24.83991327
-46.43025514,27.30923379
-47.80059525,-7.303654913
-43.87148878,-10.94331465
-48.4405391,-11.04886195
-45.03403442,4.595123927
-43.16810572,-22.62429644
-45.00844015,-2.270001589
-42.56087851,-23.32958062
-47.16794131,10.36824359
-46.08993351,-29.99702649
-46.20295609,-7.089977542
-46.60539223,20.59868842
-42.50108793,17.9043438
-46.41808412,24.36648387
-43.95821655,-4.909649536
-43.74175028,-3.312887677
-45.94803618,29.47584263
-40.49519531,-15.57709537
-46.27304811,-24.46291848
-46.30033312,16.10232808
-42.20238593,-12.21223946
-48.51634589,8.96266031
-43.18457347,-17.49525924
-45.76312936,22.57379232
-41.43447639,-1.167366473
-41.64963722,-16.65582108
-48.3866933,16.04143906
-42.93702946,28.5084467
-43.84306881,-7.40225993
-43.71618789,18.8667235
-40.40580166,-15.00971847
-42.88326044,-25.29455697
-40.49239573,-15.69574663
-42.8226799,0.473516467
-44.88313829,0.211824314
-42.61521532,-18.54472939
-46.97162628,7.358070871
-47.79711849,-25.00549706
-47.66531703,11.40498633
-48.38231179,2.488731655
-46.25281334,-1.082297029
-49.50444297,-22.58193285
-44.1686377,-5.79468061
-47.16545465,8.270343886
-47.1503301,28.52038144
-43.75311375,29.76397125
-45.36096519,3.331277768
-41.910477,1.79540292
-44.15211281,-25.80351837
-43.01382755,-3.411694194
-45.09319664,24.94770739
-46.35456299,-8.818682627
-42.57934576,8.646906055
-40.8043439,2.32176934
-44.52930833,7.383320321
-42.58327518,25.53660082
-47.8513982,-24.78585899
-45.60273274,-1.352512907
-47.99717678,5.282370222
-45.0471218,2.840306225
-40.45050312,-25.20642327
-47.77075048,2.18078883
-41.21158219,14.54473681
-42.72982304,14.83896455
-41.86317786,11.42188614
-45.01547004,-20.18838384
-40.08534139,13.11782343
-49.49201475,-2.464587443
-48.82581985,11.79202481
-46.18430972,26.34126775
-45.1614362,14.68550277
-49.09230102,9.714699052
-47.66332791,11.94471666
-42.18793993,-7.37993216
-48.8420543,-10.11034908
-46.7035894,29.80495295
-44.2534646,-20.92327153
-45.11811258,-5.352756584
-43.07129828,19.69183322
-45.25819824,29.97918866
-40.82902595,-19.66502795
-42.74986059,21.40226385
-48.75397657,4.688732743
-40.65855847,-0.226212605
-49.63896175,28.848191
-46.39959897,0.224914528
-47.93529524,3.37600148
-49.36517943,-17.38852151
-40.10876953,3.660798042
-46.97320728,-19.21420983
-40.38793727,-8.999006086
-43.68478494,-1.068718066
-46.39276291,0.102226823
-44.11126604,20.41122316
-47.69558352,8.400668091
-42.33946629,-12.64675229
-47.77646429,-7.085046972
-49.78076276,-11.30358927
-49.80255562,-15.95606996
-44.62690692,9.331299793
-42.35065542,-12.90142697
-46.59102694,-21.90051678
-40.28545921,19.55354905
-42.0972126,-28.89678908
-49.12203249,-13.32015394
-45.78335657,-22.08858775
-44.74482051,-12.33497963
-49.61553129,4.024850388
-44.59271971,-15.43044545
-45.04019312,7.37391373
-40.1072785,-24.36257397
-47.34211858,-6.234438585
-47.85250188,-25.75084154
-47.18604996,19.47327551
-44.65657033,15.11251271
-48.0955313,15.3034528
-49.76296008,8.829456502
-45.85171288,10.57380336
-49.9088074,-0.208192882
-44.89266047,2.089873511
-42.8857496,4.229192834
-42.47609698,27.14665283
-47.81653208,8.051790007
-42.36297154,25.67619391
-46.56530987,-2.709426942
-42.29121183,16.61511174
-42.61915187,24.86464477
-43.33750487,10.25864143
-49.80811925,26.68827692
-40.79758425,24.0380863
-44.5550252,27.9434489
-45.15956118,-9.844707679
-49.12449436,9.996407777
-48.91847121,22.70162042
-41.20411706,-8.266991097
-44.4203842,-27.3481254
-42.67908044,27.66896778
-40.88526478,-4.872863849
-46.58433202,-11.19936433
-48.22254102,4.833198727
-46.92883539,-8.79249365
-45.18914421,-25.22999502
-40.19003605,-5.188299536
-49.83027266,-23.44240523
-40.19091905,14.63108128
-43.42958019,-26.14112134
-44.23711456,6.605950881
-40.09666255,14.74205352
-49.13557334,-5.011874193
-41.3510635,3.104399737
-44.73956378,23.12055037
-49.51651729,28.87513186
-41.03118696,13.60085441
-49.55173427,16.61612097
-49.97062776,-15.15216534
-46.70589441,12.35064885
-42.32941283,-9.618704244
-44.06481689,-18.53765755
-45.15361431,-5.727372084
-46.45074856,10.44133339
-43.50365938,29.93157794
-41.02547755,-21.85578363
-42.94825166,-0.381183853
-45.32090634,-22.68043351
-40.29184282,-20.0536422
-46.67657063,25.5058821
-45.51549722,7.560354163
-49.45490309,-4.693562703
-46.94889832,-0.00999711
-48.17381221,-14.74107071
-46.31298232,-15.59775693
-48.93643978,14.00665104
-45.85559204,27.07187
-47.02744073,-15.80398312
-49.83419129,17.95768227
-47.38937677,10.91393203
-49.3845638,-18.54771441
-40.97894067,1.631039359
-40.12109739,24.75667988
-47.23922637,-5.805937897
-47.41228459,25.37002788
-41.93880368,20.22987566
-40.84879026,-5.741248576
-47.42606131,-21.53683114
-47.14821428,-19.69533867
-41.14071128,29.08831126
-47.7807498,-23.96342067
-46.94679545,-5.424199344
-41.0749639,-20.15951631
-42.78703856,15.23862006
-48.03608992,-16.12145491
-48.94588096,-19.70873921
-40.95289693,9.026644183
-41.36445585,-14.54526889
-42.76100031,1.639542073
-45.66116306,-6.450069778
-47.76243982,16.76306462
-40.04456053,-3.24792178
-45.66082247,-13.84851434
-41.8167679,-29.39230367
-43.06196036,-20.62781321
-40.48578291,20.69019092
-40.86634168,-13.42457189
-45.40026153,27.65603785
-41.14449028,-0.449444647
-43.65319621,19.43293196
-48.08684812,1.326021734
-47.9315664,-28.35225264
-41.82578106,8.07591712
-40.67545713,-14.11938573
-44.59241891,29.98890105
-45.82847155,15.47117225
-42.62139339,-0.394197875
-42.38950831,-3.447563431
-48.94934292,21.56714907
-40.24321075,7.398730953
-46.54315148,12.67007228
-49.39826963,-27.58872628
-47.20112624,-14.36547668
-47.41844819,7.707190326
-48.09529778,24.15722706
-46.2797212,-16.1165572
-41.07354678,6.600089696
-47.98816351,12.09933936
-44.2745895,28.08488949
-43.71553924,17.95914804
-46.63262859,3.218778322
-45.30629836,11.6393368
-42.60949732,-18.3858697
-48.93024146,-4.803852204
-44.84792034,-28.95400573
-41.44131744,-28.43409078
-44.83169669,-29.31790821
-45.21802652,-1.191161019
-45.38072675,-20.00067212
-42.5242492,3.410790317
-46.23556563,-11.7599331
-49.25793318,8.28825945
-43.72212863,-18.8542721
-41.34792451,-22.32845001
-47.07753614,-26.43638919
-41.30000441,-21.78094701
-47.68993592,-19.41841254
-47.13424958,17.52231278
-47.58202292,-8.028954574
-46.98862373,-24.82088777
-48.46400465,20.29316308
-48.86754794,-19.61778092
-49.53247805,-9.244236406
-42.85439618,22.87662754
-48.68195853,13.26217998
-47.60271669,-5.646864854
-47.79493589,-25.70402574
-45.77124303,-28.03583845
-45.20560377,19.87395037
-49.33798191,3.197288184
-46.7163871,28.74700125
-48.72310589,-2.651132873
-48.52566321,13.13304237
-42.04907921,-9.571767598
-42.75206845,11.16952808
-47.61650391,-24.25540591
-41.34482163,9.675392592
-45.96753029,2.293443173
-48.09244092,24.07018183
-44.08614537,-13.08853536
-45.28798251,29.03582538
-40.03944981,4.272603185
-41.80334817,-2.153161602
-40.83522195,-20.43558977
-42.46515906,-14.76965904
-46.87401077,-5.366087917
-47.00017719,14.87096945
-42.42042753,-19.53102917
-42.89470026,9.445845261
-49.74396694,-10.32791068
-44.49162686,-7.554609458
-48.43516029,-3.261279237
-45.17313276,-21.36089424
-44.59632252,3.554992077
-43.316474,23.07909862
-41.58019883,4.69619557
-47.60152956,17.06064392
-49.17913613,-9.334147991
-40.16938332,3.388761447
-43.63850731,10.99918232
-41.97593766,8.141114497
-44.13013554,-1.742751688
-46.26440122,19.66706444
-42.04239046,-22.93989921
-40.96700704,-16.2741526
-41.72305921,1.999509247
-41.24433609,-14.18896157
-42.6897957,-24.17328559
-41.72553548,3.024580382
-49.11476671,10.54080521
-40.76253775,-8.566323751
-45.08945763,22.12994705
-45.88141101,14.0597398
-48.29281842,0.938292942
-43.34236896,-5.188417162
-48.08578821,-20.756963
-49.78718515,-9.462983962
-44.74538079,24.90912437
-42.12896603,11.13178995
-49.27914532,9.294139016
-46.51775858,-4.638035891
-43.44049428,-3.624691373
-49.43042435,-11.48070221
-42.97296465,28.57978418
-49.46676364,29.09846881
-44.83015585,-4.040880275
-45.32043971,27.62815095
-42.4042652,-3.289302203
-48.55368995,13.08923969
-49.4090476,8.353852899
-43.4293375,-13.19263572
-45.48094757,-0.613625092
-49.62657055,10.41860773
-44.87956331,1.996967435
-42.61944614,18.9521014
-46.8999149,-21.48500285
-45.21675795,-3.982739287
-46.72544055,0.062809386
-42.98722635,-26.91205443
-41.88125114,-23.80776386
-49.68374538,-18.33669472
-45.3768542,10.84731741
-41.03458034,15.526151
-43.13905412,-26.35126185
-44.1728988,-25.18298252
-42.29478932,-25.86303589
-43.73565407,-4.028724839
-40.02163933,-25.91391574
-40.29205841,-20.02934058
-45.97754468,-7.001153844
-42.03388706,-19.83475534
-47.6172565,-15.75268325
-43.2503403,-7.495932252
-40.4567221,-27.93989899
-43.66986762,-14.48840056
-42.56099069,-24.41008528
-40.93720891,27.35347825
-43.9239458,-2.239330305
-41.82191842,16.26699716
-44.0676905,-13.28557432
-40.12451126,-2.926117998
-40.4942733,9.466305682
-49.54652711,-15.5364535
-44.84517974,-27.27182284
-45.64215055,-14.43872758
-44.69747336,2.105982496
-43.50779773,-4.286352999
-46.93407358,21.73228304
-40.43885929,-16.50844196
-49.94177347,1.288450189
-41.95558607,9.105574274
-45.72200936,-10.54899223
-46.63617307,10.64134935
-48.37329707,10.23259732
-41.74750834,2.109494345
-47.49706754,-18.01934762
-44.27053292,-22.57969373
-46.04234772,-9.277204359
-47.81151926,4.830155342
-48.0789201,-3.965588293
-41.40414231,24.53149024
-44.01449928,-7.580478134
-42.71726007,-17.47192662
-45.56054982,-1.336900467
-43.50701337,14.72404215
-44.93436243,5.57693145
-42.34706034,-25.69459322
-45.25867632,-9.852641821
-49.76567698,7.583352457
-46.78610932,-7.920512025
-49.21611185,20.69632426
-47.79779547,24.03760233
-49.90938706,-10.16549253
-40.37846999,1.532907361
-49.67204445,27.67276285
-43.56643357,-7.463311086
-49.6724869,4.314947498
-43.381116,23.73499335
-49.46790501,-26.751578
-44.0409053,-22.34511179
-47.66589196,11.09711804
-49.78755374,-25.20909218
-49.71405518,9.440663317
-45.65616426,0.071395668
-43.50460597,-26.40144448
-46.78052375,5.547531981
-47.40886479,19.44699145
-46.44481954,-29.1211781
-43.11362283,11.87540201
-46.35402596,-6.138067877
-47.53351778,25.10379374
-45.55077229,11.28515691
-48.97955941,-22.14286347
-44.39802453,-18.39730954
-45.90131621,4.712948731
-47.17420196,28.15751614
-49.69520262,-18.37154413
-48.65419338,-6.393789126
-41.76305888,-21.57768063
-41.27967776,-8.896985668
-41.03808449,-2.342215624
-41.23990947,28.36917777
-43.60734911,-26.94613337
-48.83502039,-17.48191284
-47.83602255,8.834482124
-47.93054495,-8.682832065
-43.10457037,-18.10736395
-41.19066752,-11.09914549
-47.59970803,-10.01047934
-40.22195595,23.85853238
-49.02853159,-15.53967604
-49.08678452,-25.74058455
-42.22603879,-8.840658636
-44.38020872,-26.08164461
-43.10464138,27.72487191
-48.0904708,2.895943677
-41.74108857,-29.22717011
-44.98492682,17.14110896
-49.57612491,-1.67381154
-49.51179141,-26.93122309
-49.85545686,-8.906234316
-40.23019571,15.75762064
-46.2839636,25.6376203
-47.20251027,19.93614823
-46.8712565,19.17398521
-48.46592349,-0.567873954
-48.37432415,28.46340104
-47.45429936,9.311169088
-46.30358476,18.30112773
-48.04576492,-12.80343602
-45.11081351,-26.92847773
-44.80901076,-14.7410072
41.27234126,-22.83574956
44.9305882,15.10836227
47.98171231,-16.14166195
45.6886482,-18.27159156
40.19955881,3.3497747
45.23368491,6.390048729
42.3714715,-18.35379889
40.88539022,-5.425075477
46.81071619,-19.94347804
45.54613204,19.12834382
47.0900354,-29.80974267
44.41430992,-19.83129976
47.06762004,-19.72206951
47.31707777,-2.349197218
46.55561174,13.46574078
46.83824453,28.3523748
45.77173286,2.038993096
41.16082538,12.28613152
48.89004331,-14.81474465
47.08104336,-16.76920182
48.04606208,-27.2109075
44.91422761,-5.494813218
40.71860925,-28.41299697
48.7576719,-20.68282183
46.91225118,12.96680308
40.20619693,25.80368844
43.16917711,-23.9890152
45.98226162,-22.55620977
46.77973182,-10.58517101
40.45044034,7.612343392
44.99264524,-23.51891356
45.399123,-12.2683879
48.72005125,3.049734669
40.29327526,12.18983592
40.78020813,-6.973790227
45.20577744,-4.320958217
44.59504364,-9.954005936
40.14199523,9.751119902
45.11748194,-28.01932725
40.97617412,10.81871718
42.95531651,4.585288463
47.69621595,26.36686737
47.0380932,15.22577874
46.55621869,-1.380587617
49.35757056,29.52116207
40.26795677,3.925430874
42.08043555,-25.12608326
47.21248779,11.79528602
45.06572575,-18.24624641
45.36414654,1.261920822
49.97122525,-19.64380449
40.77265489,-11.5527027
41.9553564,5.55813981
44.7055711,28.96906857
40.85983557,26.14244984
46.12314977,8.697718158
42.25963071,-8.116075126
43.31340739,25.37058295
43.38396512,6.027870633
45.91717548,-22.90547121
48.95207042,3.140239163
47.67406876,-24.83991327
43.56974486,27.30923379
42.19940475,-7.303654913
46.12851122,-10.94331465
41.5594609,-11.04886195
44.96596558,4.595123927
46.83189428,-22.62429644
44.99155985,-2.270001589
47.43912149,-23.32958062
42.83205869,10.36824359
43.91006649,-29.99702649
43.79704391,-7.089977542
43.39460777,20.59868842
47.49891207,17.9043438
43.58191588,24.36648387
46.04178345,-4.909649536
46.25824972,-3.312887677
44.05196382,29.47584263
49.50480469,-15.57709537
43.72695189,-24.46291848
43.69966688,16.10232808
47.79761407,-12.21223946
41.48365411,8.96266031
46.81542653,-17.49525924
44.23687064,22.57379232
48.56552361,-1.167366473
48.35036278,-16.65582108
41.6133067,16.04143906
47.06297054,28.5084467
46.15693119,-7.40225993
46.28381211,18.8667235
49.59419834,-15.00971847
47.11673956,-25.29455697
49.50760427,-15.69574663
47.1773201,0.473516467
45.11686171,0.211824314
47.38478468,-18.54472939
43.02837372,7.358070871
42.20288151,-25.00549706
42.33468297,11.40498633
41.61768821,2.488731655
43.74718666,-1.082297029
40.49555703,-22.58193285
45.8313623,-5.79468061
42.83454535,8.270343886
42.8496699,28.52038144
46.24688625,29.76397125
44.63903481,3.331277768
48.089523,1.79540292
45.84788719,-25.80351837
46.98617245,-3.411694194
44.90680336,24.94770739
43.64543701,-8.818682627
47.42065424,8.646906055
49.1956561,2.32176934
45.47069167,7.383320321
47.41672482,25.53660082
42.1486018,-24.78585899
44.39726726,-1.352512907
42.00282322,5.282370222
44.9528782,2.840306225
49.54949688,-25.20642327
42.22924952,2.18078883
48.78841781,14.54473681
47.27017696,14.83896455
48.13682214,11.42188614
44.98452996,-20.18838384
49.91465861,13.11782343
40.50798525,-2.464587443
41.17418015,11.79202481
43.81569028,26.34126775
44.8385638,14.68550277
40.90769898,9.714699052
42.33667209,11.94471666
47.81206007,-7.37993216
41.1579457,-10.11034908
43.2964106,29.80495295
45.7465354,-20.92327153
44.88188742,-5.352756584
46.92870172,19.69183322
44.74180176,29.97918866
49.17097405,-19.66502795
47.25013941,21.40226385
41.24602343,4.688732743
49.34144153,-0.226212605
40.36103825,28.848191
43.60040103,0.224914528
42.06470476,3.37600148
40.63482057,-17.38852151
49.89123047,3.660798042
43.02679272,-19.21420983
49.61206273,-8.999006086
46.31521506,-1.068718066
43.60723709,0.102226823
45.88873396,20.41122316
42.30441648,8.400668091
47.66053371,-12.64675229
42.22353571,-7.085046972
40.21923724,-11.30358927
40.19744438,-15.95606996
45.37309308,9.331299793
47.64934458,-12.90142697
43.40897306,-21.90051678
49.71454079,19.55354905
47.9027874,-28.89678908
40.87796751,-13.32015394
44.21664343,-22.08858775
45.25517949,-12.33497963
40.38446871,4.024850388
45.40728029,-15.43044545
44.95980688,7.37391373
49.8927215,-24.36257397
42.65788142,-6.234438585
42.14749812,-25.75084154
42.81395004,19.47327551
45.34342967,15.11251271
41.9044687,15.3034528
40.23703992,8.829456502
44.14828712,10.57380336
40.0911926,-0.208192882
45.10733953,2.089873511
47.1142504,4.229192834
47.52390302,27.14665283
42.18346792,8.051790007
47.63702846,25.67619391
43.43469013,-2.709426942
47.70878817,16.61511174
47.38084813,24.86464477
46.66249513,10.25864143
40.19188075,26.68827692
49.20241575,24.0380863
45.4449748,27.9434489
44.84043882,-9.844707679
40.87550564,9.996407777
41.08152879,22.70162042
48.79588294,-8.266991097
45.5796158,-27.3481254
47.32091956,27.66896778
49.11473522,-4.872863849
43.41566798,-11.19936433
41.77745898,4.833198727
43.07116461,-8.79249365
44.81085579,-25.22999502
49.80996395,-5.188299536
40.16972734,-23.44240523
49.80908095,14.63108128
46.57041981,-26.14112134
45.76288544,6.605950881
49.90333745,14.74205352
40.86442666,-5.011874193
48.6489365,3.104399737
45.26043622,23.12055037
40.48348271,28.87513186
48.96881304,13.60085441
40.44826573,16.61612097
40.02937224,-15.15216534
43.29410559,12.35064885
47.67058717,-9.618704244
45.93518311,-18.53765755
44.84638569,-5.727372084
43.54925144,10.44133339
46.49634062,29.93157794
48.97452245,-21.85578363
47.05174834,-0.381183853
44.67909366,-22.68043351
49.70815718,-20.0536422
43.32342937,25.5058821
44.48450278,7.560354163
40.54509691,-4.693562703
43.05110168,-0.00999711
41.82618779,-14.74107071
43.68701768,-15.59775693
41.06356022,14.00665104
44.14440796,27.07187
42.97255927,-15.80398312
40.16580871,17.95768227
42.61062323,10.91393203
40.6154362,-18.54771441
49.02105933,1.631039359
49.87890261,24.75667988
42.76077363,-5.805937897
42.58771541,25.37002788
48.06119632,20.22987566
49.15120974,-5.741248576
42.57393869,-21.53683114
42.85178572,-19.69533867
48.85928872,29.08831126
42.2192502,-23.96342067
43.05320455,-5.424199344
48.9250361,-20.15951631
47.21296144,15.23862006
41.96391008,-16.12145491
41.05411904,-19.70873921
49.04710307,9.026644183
48.63554415,-14.54526889
47.23899969,1.639542073
44.33883694,-6.450069778
42.23756018,16.76306462
49.95543947,-3.24792178
44.33917753,-13.84851434
48.1832321,-29.39230367
46.93803964,-20.62781321
49.51421709,20.69019092
49.13365832,-13.42457189
44.59973847,27.65603785
48.85550972,-0.449444647
46.34680379,19.43293196
41.91315188,1.326021734
42.0684336,-28.35225264
48.17421894,8.07591712
49.32454287,-14.11938573
45.40758109,29.98890105
44.17152845,15.47117225
47.37860661,-0.394197875
47.61049169,-3.447563431
41.05065708,21.56714907
49.75678925,7.398730953
43.45684852,12.67007228
40.60173037,-27.58872628
42.79887376,-14.36547668
42.58155181,7.707190326
41.90470222,24.15722706
43.7202788,-16.1165572
48.92645322,6.600089696
42.01183649,12.09933936
45.7254105,28.08488949
46.28446076,17.95914804
43.36737141,3.218778322
44.69370164,11.6393368
47.39050268,-18.3858697
41.06975854,-4.803852204
45.15207966,-28.95400573
48.55868256,-28.43409078
45.16830331,-29.31790821
44.78197348,-1.191161019
44.61927325,-20.00067212
47.4757508,3.410790317
43.76443437,-11.7599331
40.74206682,8.28825945
46.27787137,-18.8542721
48.65207549,-22.32845001
42.92246386,-26.43638919
48.69999559,-21.78094701
42.31006408,-19.41841254
42.86575042,17.52231278
42.41797708,-8.028954574
43.01137627,-24.82088777
41.53599535,20.29316308
41.13245206,-19.61778092
40.46752195,-9.244236406
47.14560382,22.87662754
41.31804147,13.26217998
42.39728331,-5.646864854
42.20506411,-25.70402574
44.22875697,-28.03583845
44.79439623,19.87395037
40.66201809,3.197288184
43.2836129,28.74700125
41.27689411,-2.651132873
41.47433679,13.13304237
47.95092079,-9.571767598
47.24793155,11.16952808
42.38349609,-24.25540591
48.65517837,9.675392592
44.03246971,2.293443173
41.90755908,24.07018183
45.91385463,-13.08853536
44.71201749,29.03582538
49.96055019,4.272603185
48.19665183,-2.153161602
49.16477805,-20.43558977
47.53484094,-14.76965904
43.12598923,-5.366087917
42.99982281,14.87096945
47.57957247,-19.53102917
47.10529974,9.445845261
40.25603306,-10.32791068
45.50837314,-7.554609458
41.56483971,-3.261279237
44.82686724,-21.36089424
45.40367748,3.554992077
46.683526,23.07909862
48.41980117,4.69619557
42.39847044,17.06064392
40.82086387,-9.334147991
49.83061668,3.388761447
46.36149269,10.99918232
48.02406234,8.141114497
45.86986446,-1.742751688
43.73559878,19.66706444
47.95760954,-22.93989921
49.03299296,-16.2741526
48.27694079,1.999509247
48.75566391,-14.18896157
47.3102043,-24.17328559
48.27446452,3.024580382
40.88523329,10.54080521
49.23746225,-8.566323751
44.91054237,22.12994705
44.11858899,14.0597398
41.70718158,0.938292942
46.65763104,-5.188417162
41.91421179,-20.756963
40.21281485,-9.462983962
45.25461921,24.90912437
47.87103397,11.13178995
40.72085468,9.294139016
43.48224142,-4.638035891
46.55950572,-3.624691373
40.56957565,-11.48070221
47.02703535,28.57978418
40.53323636,29.09846881
45.16984415,-4.040880275
44.67956029,27.62815095
47.5957348,-3.289302203
41.44631005,13.08923969
40.5909524,8.353852899
46.5706625,-13.19263572
44.51905243,-0.613625092
40.37342945,10.41860773
45.12043669,1.996967435
47.38055386,18.9521014
43.1000851,-21.48500285
44.78324205,-3.982739287
43.27455945,0.062809386
47.01277365,-26.91205443
48.11874886,-23.80776386
40.31625462,-18.33669472
44.6231458,10.84731741
48.96541966,15.526151
46.86094588,-26.35126185
45.8271012,-25.18298252
47.70521068,-25.86303589
46.26434593,-4.028724839
49.97836067,-25.91391574
49.70794159,-20.02934058
44.02245532,-7.001153844
47.96611294,-19.83475534
42.3827435,-15.75268325
46.7496597,-7.495932252
49.5432779,-27.93989899
46.33013238,-14.48840056
47.43900931,-24.41008528
49.06279109,27.35347825
46.0760542,-2.239330305
48.17808158,16.26699716
45.9323095,-13.28557432
49.87548874,-2.926117998
49.5057267,9.466305682
40.45347289,-15.5364535
45.15482026,-27.27182284
44.35784945,-14.43872758
45.30252664,2.105982496
46.49220227,-4.286352999
43.06592642,21.73228304
49.56114071,-16.50844196
40.05822653,1.288450189
48.04441393,9.105574274
44.27799064,-10.54899223
43.36382693,10.64134935
41.62670293,10.23259732
48.25249166,2.109494345
42.50293246,-18.01934762
45.72946708,-22.57969373
43.95765228,-9.277204359
42.18848074,4.830155342
41.9210799,-3.965588293
48.59585769,24.53149024
45.98550072,-7.580478134
47.28273993,-17.47192662
44.43945018,-1.336900467
46.49298663,14.72404215
45.06563757,5.57693145
47.65293966,-25.69459322
44.74132368,-9.852641821
40.23432302,7.583352457
43.21389068,-7.920512025
40.78388815,20.69632426
42.20220453,24.03760233
40.09061294,-10.16549253
49.62153001,1.532907361
40.32795555,27.67276285
46.43356643,-7.463311086
40.3275131,4.314947498
46.618884,23.73499335
40.53209499,-26.751578
45.9590947,-22.34511179
42.33410804,11.09711804
40.21244626,-25.20909218
40.28594482,9.440663317
44.34383574,0.071395668
46.49539403,-26.40144448
43.21947625,5.547531981
42.59113521,19.44699145
43.55518046,-29.1211781
46.88637717,11.87540201
43.64597404,-6.138067877
42.46648222,25.10379374
44.44922771,11.28515691
41.02044059,-22.14286347
45.60197547,-18.39730954
44.09868379,4.712948731
42.82579804,28.15751614
40.30479738,-18.37154413
41.34580662,-6.393789126
48.23694112,-21.57768063
48.72032224,-8.896985668
48.96191551,-2.342215624
48.76009053,28.36917777
46.39265089,-26.94613337
41.16497961,-17.48191284
42.16397745,8.834482124
42.06945505,-8.682832065
46.89542963,-18.10736395
48.80933248,-11.09914549
42.40029197,-10.01047934
49.77804405,23.85853238
40.97146841,-15.53967604
40.91321548,-25.74058455
47.77396121,-8.840658636
45.61979128,-26.08164461
46.89535862,27.72487191
41.9095292,2.895943677
48.25891143,-29.22717011
45.01507318,17.14110896
40.42387509,-1.67381154
40.48820859,-26.93122309
40.14454314,-8.906234316
49.76980429,15.75762064
43.7160364,25.6376203
42.79748973,19.93614823
43.1287435,19.17398521
41.53407651,-0.567873954
41.62567585,28.46340104
42.54570064,9.311169088
43.69641524,18.30112773
41.95423508,-12.80343602
44.88918649,-26.92847773
45.19098924,-14.7410072
-11.18297622,-11.41787478
-0.208235385,7.554181136
8.945136943,-8.070830974
2.06594461,-9.135795778
-14.40132356,1.67488735
0.701054733,3.195024365
-7.885585494,-9.176899443
-12.34382935,-2.712537738
5.432148567,-9.971739019
1.63839612,9.564171911
6.270106203,-14.90487134
-1.757070234,-9.915649879
6.202860107,-9.861034753
6.951233317,-1.174598609
4.666835223,6.732870392
5.514733587,14.1761874
2.315198592,1.019496548
-11.51752385,6.143065761
11.67012993,-7.407372325
6.243130067,-8.384600912
9.138186227,-13.60545375
-0.257317156,-2.747406609
-12.84417225,-14.20649848
11.27301571,-10.34141091
5.736753536,6.48340154
-14.3814092,12.90184422
-5.492468681,-11.9945076
2.946784873,-11.27810488
5.339195454,-5.292585506
-13.64867897,3.806171696
-0.022064291,-11.75945678
1.197368999,-6.13419395
11.16015376,1.524867335
-14.12017423,6.094917958
-12.6593756,-3.486895113
0.617332331,-2.160479108
-1.214869086,-4.977002968
-14.57401432,4.875559951
0.35244582,-14.00966363
-12.07147763,5.409358591
-6.134050466,2.292644231
8.088647855,13.18343368
6.114279596,7.612889368
4.66865608,-0.690293808
13.07271168,14.76058104
-14.19612969,1.962715437
-8.758693353,-12.56304163
6.637463379,5.897643008
0.197177252,-9.123123206
1.092439627,0.630960411
14.91367574,-9.821902246
-12.68203532,-5.776351351
-9.13393079,2.779069905
-0.883286696,14.48453429
-12.42049328,13.07122492
3.369449297,4.348859079
-8.221107881,-4.058037563
-5.059777838,12.68529148
-4.848104636,3.013935316
2.751526454,-11.4527356
11.85621125,1.570119581
8.022206283,-12.41995663
-4.290765421,13.65461689
-8.401785755,-3.651827457
3.385533652,-5.471657324
-10.3216173,-5.524430974
-0.102103252,2.297561964
5.495682848,-11.31214822
-0.025320451,-1.135000794
7.317364473,-11.66479031
-6.503823936,5.184121793
-3.269800524,-14.99851325
-3.608868261,-3.544988771
-4.816176682,10.29934421
7.496736209,8.952171902
-4.254252356,12.18324194
3.125350339,-2.454824768
3.774749156,-1.656443838
-2.844108528,14.73792132
13.51441407,-7.788547684
-3.81914434,-12.23145924
-3.900999366,8.05116404
8.392842223,-6.106119729
-10.54903767,4.481330155
5.446279589,-8.747629618
-2.289388071,11.28689616
10.69657084,-0.583683236
10.05108833,-8.327910538
-10.16007989,8.020719529
6.188911629,14.25422335
3.470793575,-3.701129965
3.851436334,9.43336175
13.78259503,-7.504859237
6.350218687,-12.64727848
13.52281281,-7.847873314
6.531960308,0.236758234
0.350585135,0.105912157
7.15435403,-9.272364697
-5.914878841,3.679035436
-8.391355469,-12.50274853
-7.995951103,5.702493163
-10.14693538,1.244365827
-3.758440026,-0.541148514
-13.51332891,-11.29096642
2.494086901,-2.897340305
-6.496363944,4.135171943
-6.450990313,14.26019072
3.740658741,14.88198563
-1.082895573,1.665638884
9.268569008,0.89770146
2.543661584,-12.90175918
5.958517348,-1.705847097
-0.279589926,12.47385369
-4.063688977,-4.409341314
7.261962733,4.323453027
12.5869683,1.16088467
1.412074997,3.691660161
7.250174453,12.76830041
-8.554194585,-12.39292949
-1.808198223,-0.676256453
-8.99153033,2.641185111
-0.141365386,1.420153112
13.64849063,-12.60321163
-8.312251453,1.090394415
11.36525342,7.272368405
6.810530877,7.419482275
9.410466428,5.710943072
-0.046410116,-10.09419192
14.74397582,6.558911717
-13.47604425,-1.232293721
-11.47745954,5.896012406
-3.552929158,13.17063387
-0.484308608,7.342751386
-12.27690305,4.857349526
-7.989983732,5.972358329
8.43618021,-3.68996608
-11.52616289,-5.055174539
-5.11076821,14.90247647
2.239606202,-10.46163576
-0.354337727,-2.676378292
5.786105148,9.845916608
-0.77459473,14.98959433
12.51292215,-9.832513973
6.750418242,10.70113193
-11.26192972,2.344366371
13.0243246,-0.113106303
-13.91688525,14.4240955
-4.198796916,0.112457264
-8.805885731,1.68800074
-13.09553828,-8.694260755
14.67369142,1.830399021
-5.919621853,-9.607104913
13.83618819,-4.499503043
3.945645168,-0.534359033
-4.178288718,0.051113411
2.666201879,10.20561158
-8.086750555,4.200334046
7.981601131,-6.323376145
-8.329392864,-3.542523486
-14.34228828,-5.651794635
-14.40766686,-7.97803498
1.11927925,4.665649896
7.948033732,-6.450713487
-4.773080833,-10.95025839
14.14362238,9.776774526
8.708362204,-14.44839454
-12.36609748,-6.660076972
-2.350069712,-11.04429387
0.76553846,-6.167489817
-13.84659387,2.012425194
1.221840859,-7.715222725
-0.120579356,3.686956865
14.67816449,-12.18128698
-7.026355747,-3.117219293
-8.557505633,-12.87542077
-6.558149872,9.736637755
1.030289017,7.556256355
-9.286593899,7.6517264
-14.28888023,4.414728251
-2.555138645,5.286901682
-14.72642221,-0.104096441
0.32201859,1.044936756
6.342751207,2.114596417
7.571709064,13.57332642
-8.449596243,4.025895004
7.911085395,12.83809695
-4.695929619,-1.354713471
8.126364505,8.307555869
7.142544376,12.43232238
4.987485404,5.129320715
-14.42435774,13.34413846
12.60724724,12.01904315
1.334924398,13.97172445
-0.478683554,-4.922353839
-12.37348307,4.998203889
-11.75541364,11.35081021
11.38764883,-4.133495548
1.738847404,-13.6740627
6.962758685,13.83448389
12.34420566,-2.436431925
-4.752996047,-5.599682164
-9.66762305,2.416599364
-5.786506166,-4.396246825
-0.567432626,-12.61499751
14.42989185,-2.594149768
-14.49081798,-11.72120261
14.42724285,7.315540641
4.711259422,-13.07056067
2.288656317,3.302975441
14.71001236,7.371026758
-12.40672003,-2.505937096
10.94680949,1.552199869
0.781308648,11.56027519
-13.54955187,14.43756593
11.90643913,6.800427205
-13.65520282,8.308060487
-14.91188327,-7.576082671
-5.117683238,6.175324424
8.011761509,-4.809352122
2.805549315,-9.268828777
-0.460842925,-2.863686042
-4.352245689,5.220666695
4.489021864,14.96578897
11.92356736,-10.92789181
6.15524503,-0.190591926
-0.962719017,-11.34021676
14.12447153,-10.0268211
-5.029711896,12.75294105
-1.546491653,3.780177081
-13.36470928,-2.346781351
-5.84669495,-0.004998555
-9.521436638,-7.370535355
-3.938946952,-7.798878463
-11.80931934,7.003325518
-2.566776121,13.535935
-6.082322179,-7.901991561
-14.50257387,8.978841134
-7.168130317,5.456966013
-13.15369141,-9.273857206
12.063178,0.815519679
14.63670782,12.37833994
-6.717679101,-2.902968949
-7.236853778,12.68501394
9.183588957,10.11493783
12.45362922,-2.870624288
-7.278183923,-10.76841557
-6.444642838,-9.847669334
11.57786617,14.54415563
-8.342249404,-11.98171033
-5.840386353,-2.712099672
11.77510831,-10.07975816
6.638884308,7.619310032
-9.108269747,-8.060727456
-11.83764288,-9.854369603
12.14130922,4.513322091
10.90663246,-7.272634447
6.716999077,0.819771036
-1.983489174,-3.225034889
-8.287319454,8.381532311
14.86631842,-1.62396089
-1.98246742,-6.924257168
9.549696294,-14.69615183
5.814118921,-10.31390661
13.54265128,10.34509546
12.40097496,-6.712285947
-1.200784583,13.82801893
11.56652915,-0.224722324
4.04041137,9.716465978
-9.260544369,0.663010867
-8.794699201,-14.17612632
9.522656819,4.03795856
12.97362861,-7.059692867
1.222743255,14.99445052
-2.485414649,7.735586126
7.13581984,-0.197098937
7.831475084,-1.723781715
-11.84802876,10.78357454
14.27036775,3.699365476
-4.62945445,6.335036141
-13.19480889,-13.79436314
-6.603378733,-7.18273834
-7.255344564,3.853595163
-9.285893326,12.07861353
-3.839163593,-8.058278599
11.77935967,3.300044848
-8.96449052,6.049669679
2.176231512,14.04244475
3.853382291,8.97957402
-4.897885779,1.609389161
-0.918895088,5.819668398
7.171508042,-9.192934848
-11.79072438,-2.401926102
0.456238969,-14.47700287
10.67604768,-14.21704539
0.504909929,-14.65895411
-0.654079572,-0.59558051
-1.142180244,-10.00033606
7.427252411,1.705395159
-3.706696876,-5.879966552
-12.77379954,4.144129725
3.833614117,-9.42713605
10.95622646,-11.16422501
-6.232608418,-13.21819459
11.09998677,-10.8904735
-8.069807753,-9.709206272
-6.402748745,8.761156389
-7.746068771,-4.014477287
-5.965871183,-12.41044388
-10.39201396,10.14658154
-11.60264381,-9.808890459
-13.59743415,-4.622118203
6.436811472,11.43831377
-11.04587558,6.63108999
-7.808150078,-2.823432427
-8.384807666,-12.85201287
-2.313729104,-14.01791923
-0.616811298,9.936975187
-13.01394572,1.598644092
-5.149161308,14.37350063
-11.16931768,-1.325566436
-10.57698964,6.566521186
8.852762363,-4.785883799
6.743794639,5.584764038
-7.849511738,-12.12770296
10.96553512,4.837696296
-2.902590883,1.146721587
-9.277322746,12.03509092
2.741563878,-6.54426768
-0.863947522,14.51791269
14.88165057,2.136301593
9.589955483,-1.076580801
12.49433416,-10.21779489
7.604522832,-7.384829518
-5.622032313,-2.683043958
-6.000531568,7.435484725
7.738717423,-9.765514585
6.315899222,4.72292263
-14.23190082,-5.163955339
1.525119434,-3.777304729
-10.30548087,-1.630639619
-0.519398272,-10.68044712
1.211032451,1.777496038
5.050578015,11.53954931
10.25940352,2.348097785
-7.804588691,8.530321961
-12.53740839,-4.667073996
14.49185005,1.694380723
4.084478081,5.499591162
9.072187023,4.070557248
2.609593369,-0.871375844
-3.793203649,9.83353222
8.872828611,-11.4699496
12.09897887,-8.137076298
9.830822365,0.999754624
11.26699174,-7.094480783
6.930612885,-12.08664279
9.823393554,1.512290191
-12.34430014,5.270402604
12.71238675,-4.283161875
-0.2683729,11.06497352
-2.644233037,7.029869902
-9.878455268,0.469146471
4.972893111,-2.594208581
-9.257364638,-10.3784815
-14.36155545,-4.731491981
0.763857637,12.45456219
8.613101902,5.565894977
-12.83743597,4.647069508
-4.553275732,-2.319017945
4.678517165,-1.812345687
-13.29127306,-5.740351105
6.081106049,14.28989209
-13.40029092,14.54923441
0.50953245,-2.020440137
-0.961319141,13.81407548
7.787204414,-1.644651101
-10.66106985,6.544619846
-13.22714281,4.176926449
4.711987488,-6.59631786
-1.442842715,-0.306812546
-13.87971166,5.209303866
0.361310074,0.998483717
7.14166158,9.476050699
-5.699744695,-10.74250142
-0.650273839,-1.991369644
-5.176321664,0.031404693
6.038320959,-13.45602721
9.356246579,-11.90388193
-14.05123615,-9.16834736
-1.130562604,5.423658705
11.89625897,7.763075499
5.58283764,-13.17563093
2.481303605,-12.59149126
8.115632037,-12.93151794
3.793037785,-2.014362419
14.93508202,-12.95695787
14.12382477,-10.01467029
-2.932634027,-3.500576922
8.898338822,-9.917377669
-7.851769488,-7.876341624
5.248979102,-3.747966126
13.6298337,-13.9699495
3.990397141,-7.244200279
7.31702794,-12.20504264
12.18837327,13.67673912
3.228162596,-1.119665152
9.534244744,8.133498581
2.796928486,-6.642787159
14.62646623,-1.463058999
13.51718011,4.733152841
-13.63958134,-7.768226751
0.464460792,-13.63591142
-1.926451664,-7.219363792
0.907579924,1.052991248
4.476606813,-2.143176499
-5.802220754,10.86614152
13.68342213,-8.254220981
-14.8253204,0.644225094
9.133241798,4.552787137
-2.166028068,-5.274496116
-4.908519201,5.320674675
-10.11989121,5.11629866
9.757474984,1.054747173
-7.491202616,-9.009673811
2.188401226,-11.28984687
-3.127043149,-4.638602179
-8.434557781,2.415077671
-9.236760286,-1.982794147
10.78757308,12.26574512
2.956502167,-3.790239067
6.848219797,-8.735963308
-1.681649451,-0.668450233
4.478959879,7.362021074
0.196912719,2.788465725
7.958818978,-12.84729661
-0.776028957,-4.92632091
-14.29703093,3.791676228
-5.358327958,-3.960256013
-12.64833554,10.34816213
-8.393386404,12.01880116
-14.72816118,-5.082746265
13.86459002,0.76645368
-14.01613335,13.83638143
4.300699304,-3.731655543
-14.0174607,2.157473749
4.856652012,11.86749668
-13.40371503,-13.375789
2.877284087,-11.17255589
-7.997675875,5.548559022
-14.36266122,-12.60454609
-14.14216555,4.720331658
-1.96849279,0.035697834
4.48618209,-13.20072224
-5.341571248,2.77376599
-7.226594371,9.723495727
-4.334458606,-14.56058905
5.659131524,5.937701003
-4.062077892,-3.069033938
-7.60055333,12.55189687
-1.652316883,5.642578453
-11.93867823,-11.07143174
1.80592642,-9.198654771
-2.703948621,2.356474366
-6.522605881,14.07875807
-14.08560786,-9.185772065
-10.96258014,-3.196894563
9.710823351,-10.78884031
11.16096671,-4.448492834
11.88574653,-1.171107812
11.28027159,14.18458889
4.177952674,-13.47306669
-11.50506117,-8.740956422
-8.508067645,4.417241062
-8.791634847,-4.341416033
5.686288891,-9.053681974
11.42799744,-5.549572744
-7.799124095,-5.005239672
14.33413214,11.92926619
-12.08559476,-7.769838019
-12.26035355,-12.87029228
8.321883643,-4.420329318
1.859373849,-13.04082231
5.686075865,13.86243596
-9.271412401,1.447971839
9.776734293,-14.61358506
0.045219536,8.570554482
-13.72837472,-0.83690577
-13.53537422,-13.46561154
-14.56637057,-4.453117158
14.30941287,7.878810318
-3.851890787,12.81881015
-6.607530821,9.968074115
-5.613769503,9.586992606
-10.39777047,-0.283936977
-10.12297245,14.23170052
-7.362898072,4.655584544
-3.910754267,9.150563867
-9.137294755,-6.401718008
-0.332440536,-13.46423887
0.572967713,-7.370503602
